{"cameraMode":{"drawMode":0,"name":"Shaded","section":"Shading Mode"},"sceneLighting":true,"audioPlay":false,"sceneViewState":{"showFog":true,"showMaterialUpdate":false,"showSkybox":true,"showFlares":true,"showImageEffects":true,"showParticleSystems":true,"showVisualEffectGraphs":true,"m_FxEnabled":true},"in2DMode":false,"pivot":{"x":6.492433547973633,"y":15.13119888305664,"z":15.833831787109375},"rotation":{"x":0.02864045649766922,"y":0.09580300003290177,"z":-0.0030556328129023315,"w":0.9947975277900696},"size":38.218082427978519,"orthographic":false}