{"cameraMode":{"drawMode":0,"name":"Shaded","section":"Shading Mode"},"sceneLighting":true,"audioPlay":false,"sceneViewState":{"showFog":true,"showMaterialUpdate":false,"showSkybox":true,"showFlares":true,"showImageEffects":true,"showParticleSystems":true,"showVisualEffectGraphs":true,"m_FxEnabled":true},"in2DMode":false,"pivot":{"x":6.006918430328369,"y":18.204906463623048,"z":7.994953155517578},"rotation":{"x":0.26698586344718935,"y":0.0028643636032938959,"z":-0.0009565724758431315,"w":0.963525652885437},"size":35.90616989135742,"orthographic":false}