{"cameraMode":{"drawMode":0,"name":"Shaded","section":"Shading Mode"},"sceneLighting":false,"audioPlay":false,"sceneViewState":{"showFog":true,"showMaterialUpdate":false,"showSkybox":false,"showFlares":true,"showImageEffects":true,"showParticleSystems":true,"showVisualEffectGraphs":true,"m_FxEnabled":true},"in2DMode":false,"pivot":{"x":0.009276092052459717,"y":2.881713628768921,"z":-0.000527799129486084},"rotation":{"x":0.0721811056137085,"y":0.03887574002146721,"z":-0.002881081774830818,"w":0.9964929223060608},"size":2.3723011016845705,"orthographic":false}